Date,Type,residence,Positive,Negative
8/16/2020,Faculty/Staff,Non-Residential,0,3
8/16/2020,Students,Students - Non-Residential,1,34
8/16/2020,Students,Students - Residential,0,3
8/17/2020,Faculty/Staff,Non-Residential,0,56
8/17/2020,Students,Students - Non-Residential,5,97
8/17/2020,Students,Students - Residential,0,17
8/18/2020,Faculty/Staff,Non-Residential,4,63
8/18/2020,Students,Students - Non-Residential,6,74
8/18/2020,Students,Students - Residential,2,23
8/19/2020,Faculty/Staff,Non-Residential,3,40
8/19/2020,Students,Students - Non-Residential,6,79
8/19/2020,Students,Students - Residential,6,59
8/20/2020,Faculty/Staff,Non-Residential,0,27
8/20/2020,Students,Students - Non-Residential,11,165
8/20/2020,Students,Students - Residential,6,88
8/21/2020,Faculty/Staff,Non-Residential,0,30
8/21/2020,Students,Students - Non-Residential,4,94
8/21/2020,Students,Students - Residential,9,76
8/22/2020,Faculty/Staff,Non-Residential,0,3
8/22/2020,Students,Students - Non-Residential,5,42
8/22/2020,Students,Students - Residential,3,46
8/23/2020,Students,Students - Non-Residential,4,12
8/23/2020,Students,Students - Residential,2,51
8/24/2020,Faculty/Staff,Non-Residential,6,25
8/24/2020,Students,Students - Non-Residential,13,161
8/24/2020,Students,Students - Residential,3,161
8/25/2020,Faculty/Staff,Non-Residential,0,37
8/25/2020,Students,Students - Non-Residential,21,84
8/25/2020,Students,Students - Residential,7,134
8/26/2020,Faculty/Staff,Non-Residential,1,37
8/26/2020,Students,Students - Non-Residential,12,98
8/26/2020,Students,Students - Residential,3,98
8/27/2020,Faculty/Staff,Non-Residential,0,14
8/27/2020,Students,Students - Non-Residential,12,168
8/27/2020,Students,Students - Residential,3,74
8/28/2020,Faculty/Staff,Non-Residential,1,29
8/28/2020,Students,Students - Non-Residential,9,45
8/28/2020,Students,Students - Residential,2,53
8/29/2020,Faculty/Staff,Non-Residential,0,1
8/29/2020,Students,Students - Non-Residential,3,108
8/29/2020,Students,Students - Residential,3,53
8/30/2020,Faculty/Staff,Non-Residential,0,2
8/30/2020,Students,Students - Non-Residential,3,35
8/30/2020,Students,Students - Residential,1,13
8/31/2020,Faculty/Staff,Non-Residential,2,69
8/31/2020,Students,Students - Non-Residential,1,85
8/31/2020,Students,Students - Residential,1,61
9/1/2020,Faculty/Staff,Non-Residential,1,41
9/1/2020,Students,Students - Non-Residential,6,199
9/1/2020,Students,Students - Residential,4,191
9/2/2020,Faculty/Staff,Non-Residential,0,25
9/2/2020,Students,Students - Non-Residential,11,160
9/2/2020,Students,Students - Residential,4,173
9/3/2020,Faculty/Staff,Non-Residential,1,22
9/3/2020,Students,Students - Non-Residential,7,189
9/3/2020,Students,Students - Residential,2,182
9/4/2020,Faculty/Staff,Non-Residential,2,72
9/4/2020,Students,Students - Non-Residential,5,163
9/4/2020,Students,Students - Residential,0,85
9/5/2020,Faculty/Staff,Non-Residential,0,1
9/5/2020,Students,Students - Non-Residential,1,39
9/5/2020,Students,Students - Residential,1,19
9/6/2020,Faculty/Staff,Non-Residential,0,3
9/6/2020,Students,Students - Non-Residential,0,14
9/6/2020,Students,Students - Residential,1,6
9/7/2020,Faculty/Staff,Non-Residential,0,10
9/7/2020,Students,Students - Non-Residential,8,33
9/7/2020,Students,Students - Residential,1,35
9/8/2020,Faculty/Staff,Non-Residential,0,89
9/8/2020,Students,Students - Non-Residential,15,272
9/8/2020,Students,Students - Residential,5,228
9/9/2020,Faculty/Staff,Non-Residential,3,69
9/9/2020,Students,Students - Non-Residential,13,226
9/9/2020,Students,Students - Residential,5,154
9/10/2020,Faculty/Staff,Non-Residential,3,42
9/10/2020,Students,Students - Non-Residential,7,216
9/10/2020,Students,Students - Residential,4,134
9/11/2020,Faculty/Staff,Non-Residential,1,83
9/11/2020,Students,Students - Non-Residential,19,167
9/11/2020,Students,Students - Residential,6,79
9/12/2020,Faculty/Staff,Non-Residential,0,3
9/12/2020,Students,Students - Non-Residential,1,21
9/12/2020,Students,Students - Residential,2,36
9/13/2020,Faculty/Staff,Non-Residential,0,52
9/13/2020,Students,Students - Non-Residential,10,162
9/13/2020,Students,Students - Residential,4,120
9/14/2020,Faculty/Staff,Non-Residential,1,81
9/14/2020,Students,Students - Non-Residential,9,114
9/14/2020,Students,Students - Residential,33,572
9/15/2020,Faculty/Staff,Non-Residential,2,27
9/15/2020,Students,Students - Non-Residential,7,106
9/15/2020,Students,Students - Residential,4,522
9/16/2020,Faculty/Staff,Non-Residential,0,122
9/16/2020,Students,Students - Non-Residential,10,208
9/16/2020,Students,Students - Residential,4,456
9/17/2020,Faculty/Staff,Non-Residential,0,98
9/17/2020,Students,Students - Non-Residential,1,81
9/17/2020,Students,Students - Residential,0,405
9/18/2020,Faculty/Staff,Non-Residential,0,71
9/18/2020,Students,Students - Non-Residential,3,60
9/18/2020,Students,Students - Residential,3,534
9/19/2020,Faculty/Staff,Non-Residential,0,1
9/19/2020,Students,Students - Non-Residential,2,17
9/19/2020,Students,Students - Residential,1,66
9/20/2020,Faculty/Staff,Non-Residential,0,59
9/20/2020,Students,Students - Non-Residential,1,94
9/20/2020,Students,Students - Residential,1,56
9/21/2020,Faculty/Staff,Non-Residential,1,69
9/21/2020,Students,Students - Non-Residential,3,100
9/21/2020,Students,Students - Residential,6,482
9/22/2020,Faculty/Staff,Non-Residential,1,38
9/22/2020,Students,Students - Non-Residential,3,85
9/22/2020,Students,Students - Residential,2,404
9/23/2020,Faculty/Staff,Non-Residential,1,107
9/23/2020,Students,Students - Non-Residential,1,161
9/23/2020,Students,Students - Residential,6,508
9/24/2020,Faculty/Staff,Non-Residential,0,83
9/24/2020,Students,Students - Non-Residential,0,76
9/24/2020,Students,Students - Residential,0,460
9/25/2020,Faculty/Staff,Non-Residential,0,93
9/25/2020,Students,Students - Non-Residential,2,90
9/25/2020,Students,Students - Residential,1,400
9/26/2020,Faculty/Staff,Non-Residential,0,6
9/26/2020,Students,Students - Non-Residential,1,23
9/26/2020,Students,Students - Residential,0,14
9/27/2020,Faculty/Staff,Non-Residential,0,66
9/27/2020,Students,Students - Non-Residential,0,102
9/27/2020,Students,Students - Residential,0,59
9/28/2020,Faculty/Staff,Non-Residential,5,72
9/28/2020,Students,Students - Non-Residential,1,522
9/28/2020,Students,Students - Residential,0,498
9/29/2020,Faculty/Staff,Non-Residential,2,64
9/29/2020,Students,Students - Non-Residential,3,532
9/29/2020,Students,Students - Residential,1,392
9/30/2020,Faculty/Staff,Non-Residential,2,41
9/30/2020,Students,Students - Non-Residential,1,588
9/30/2020,Students,Students - Residential,2,443
10/1/2020,Faculty/Staff,Non-Residential,1,144
10/1/2020,Students,Students - Non-Residential,0,493
10/1/2020,Students,Students - Residential,0,387
10/2/2020,Faculty/Staff,Non-Residential,2,51
10/2/2020,Students,Students - Non-Residential,1,561
10/2/2020,Students,Students - Residential,3,487
10/3/2020,Faculty/Staff,Non-Residential,0,33
10/3/2020,Students,Students - Non-Residential,0,42
10/3/2020,Students,Students - Residential,0,15
10/4/2020,Faculty/Staff,Non-Residential,0,49
10/4/2020,Students,Students - Non-Residential,0,94
10/4/2020,Students,Students - Residential,0,43
10/5/2020,Faculty/Staff,Non-Residential,0,62
10/5/2020,Students,Students - Non-Residential,1,477
10/5/2020,Students,Students - Residential,2,486
10/6/2020,Faculty/Staff,Non-Residential,1,73
10/6/2020,Students,Students - Non-Residential,4,361
10/6/2020,Students,Students - Residential,0,379
10/7/2020,Faculty/Staff,Non-Residential,1,162
10/7/2020,Students,Students - Non-Residential,3,373
10/7/2020,Students,Students - Residential,0,367
10/8/2020,Faculty/Staff,Non-Residential,1,37
10/8/2020,Students,Students - Non-Residential,2,196
10/8/2020,Students,Students - Residential,0,332
10/9/2020,Faculty/Staff,Non-Residential,1,62
10/9/2020,Students,Students - Non-Residential,6,251
10/9/2020,Students,Students - Residential,0,498
10/10/2020,Faculty/Staff,Non-Residential,0,11
10/10/2020,Students,Students - Non-Residential,2,28
10/10/2020,Students,Students - Residential,0,14
10/11/2020,Faculty/Staff,Non-Residential,0,68
10/11/2020,Students,Students - Non-Residential,5,149
10/11/2020,Students,Students - Residential,0,66
10/12/2020,Faculty/Staff,Non-Residential,0,75
10/12/2020,Students,Students - Non-Residential,4,549
10/12/2020,Students,Students - Residential,1,503
10/13/2020,Faculty/Staff,Non-Residential,0,64
10/13/2020,Students,Students - Non-Residential,5,552
10/13/2020,Students,Students - Residential,7,472
10/14/2020,Faculty/Staff,Non-Residential,1,91
10/14/2020,Students,Students - Non-Residential,5,575
10/14/2020,Students,Students - Residential,5,487
10/15/2020,Faculty/Staff,Non-Residential,1,138
10/15/2020,Students,Students - Non-Residential,10,525
10/15/2020,Students,Students - Residential,8,304
10/16/2020,Faculty/Staff,Non-Residential,1,48
10/16/2020,Students,Students - Non-Residential,12,100
10/16/2020,Students,Students - Residential,1,45
10/17/2020,Faculty/Staff,Non-Residential,0,1
10/17/2020,Students,Students - Non-Residential,4,39
10/17/2020,Students,Students - Residential,0,12
10/18/2020,Faculty/Staff,Non-Residential,1,65
10/18/2020,Students,Students - Non-Residential,0,107
10/18/2020,Students,Students - Residential,0,53
10/19/2020,Faculty/Staff,Non-Residential,1,105
10/19/2020,Students,Students - Non-Residential,15,523
10/19/2020,Students,Students - Residential,5,388
10/20/2020,Faculty/Staff,Non-Residential,1,68
10/20/2020,Students,Students - Non-Residential,12,507
10/20/2020,Students,Students - Residential,7,510
10/21/2020,Faculty/Staff,Non-Residential,4,120
10/21/2020,Students,Students - Non-Residential,6,397
10/21/2020,Students,Students - Residential,9,445
10/22/2020,Faculty/Staff,Non-Residential,2,123
10/22/2020,Students,Students - Non-Residential,6,476
10/22/2020,Students,Students - Residential,9,464
10/23/2020,Faculty/Staff,Non-Residential,4,58
10/23/2020,Students,Students - Non-Residential,2,282
10/23/2020,Students,Students - Residential,4,438
10/24/2020,Faculty/Staff,Non-Residential,0,0
10/24/2020,Students,Students - Non-Residential,1,14
10/24/2020,Students,Students - Residential,3,15
10/25/2020,Faculty/Staff,Non-Residential,1,41
10/25/2020,Students,Students - Non-Residential,2,104
10/25/2020,Students,Students - Residential,1,47
10/26/2020,Faculty/Staff,Non-Residential,3,129
10/26/2020,Students,Students - Non-Residential,3,496
10/26/2020,Students,Students - Residential,7,458
10/27/2020,Faculty/Staff,Non-Residential,3,134
10/27/2020,Students,Students - Non-Residential,7,572
10/27/2020,Students,Students - Residential,3,526
10/28/2020,Faculty/Staff,Non-Residential,3,120
10/28/2020,Students,Students - Non-Residential,2,450
10/28/2020,Students,Students - Residential,5,233
10/29/2020,Faculty/Staff,Non-Residential,2,112
10/29/2020,Students,Students - Non-Residential,3,487
10/29/2020,Students,Students - Residential,2,356
10/30/2020,Faculty/Staff,Non-Residential,1,59
10/30/2020,Students,Students - Non-Residential,4,233
10/30/2020,Students,Students - Residential,2,355
10/31/2020,Faculty/Staff,Non-Residential,1,0
10/31/2020,Students,Students - Non-Residential,1,13
10/31/2020,Students,Students - Residential,4,13
11/1/2020,Faculty/Staff,Non-Residential,0,5
11/1/2020,Students,Students - Non-Residential,0,12
11/1/2020,Students,Students - Residential,0,14
11/2/2020,Faculty/Staff,Non-Residential,3,138
11/2/2020,Students,Students - Non-Residential,7,605
11/2/2020,Students,Students - Residential,3,522
11/3/2020,Faculty/Staff,Non-Residential,3,61
11/3/2020,Students,Students - Non-Residential,13,539
11/3/2020,Students,Students - Residential,10,502
11/4/2020,Faculty/Staff,Non-Residential,2,160
11/4/2020,Students,Students - Non-Residential,17,337
11/4/2020,Students,Students - Residential,15,451
11/5/2020,Faculty/Staff,Non-Residential,1,67
11/5/2020,Students,Students - Non-Residential,14,428
11/5/2020,Students,Students - Residential,8,378
11/6/2020,Faculty/Staff,Non-Residential,0,67
11/6/2020,Students,Students - Non-Residential,16,307
11/6/2020,Students,Students - Residential,12,342
11/7/2020,Faculty/Staff,Non-Residential,2,72
11/7/2020,Students,Students - Non-Residential,6,148
11/7/2020,Students,Students - Residential,2,81
11/8/2020,Faculty/Staff,Non-Residential,0,2
11/8/2020,Students,Students - Non-Residential,3,54
11/8/2020,Students,Students - Residential,2,33
11/9/2020,Faculty/Staff,Non-Residential,8,90
11/9/2020,Students,Students - Non-Residential,13,172
11/9/2020,Students,Students - Residential,6,112
11/10/2020,Faculty/Staff,Non-Residential,1,101
11/10/2020,Students,Students - Non-Residential,23,565
11/10/2020,Students,Students - Residential,14,388
11/11/2020,Faculty/Staff,Non-Residential,5,122
11/11/2020,Students,Students - Non-Residential,24,658
11/11/2020,Students,Students - Residential,11,482
11/12/2020,Faculty/Staff,Non-Residential,4,108
11/12/2020,Students,Students - Non-Residential,11,469
11/12/2020,Students,Students - Residential,39,394
11/13/2020,Faculty/Staff,Non-Residential,12,188
11/13/2020,Students,Students - Non-Residential,14,453
11/13/2020,Students,Students - Residential,17,453
11/14/2020,Faculty/Staff,Non-Residential,0,16
11/14/2020,Students,Students - Non-Residential,3,76
11/14/2020,Students,Students - Residential,6,357
11/15/2020,Faculty/Staff,Non-Residential,6,57
11/15/2020,Students,Students - Non-Residential,16,101
11/15/2020,Students,Students - Residential,4,47
11/16/2020,Faculty/Staff,Non-Residential,15,165
11/16/2020,Students,Students - Non-Residential,25,561
11/16/2020,Students,Students - Residential,29,443
11/17/2020,Faculty/Staff,Non-Residential,9,156
11/17/2020,Students,Students - Non-Residential,15,472
11/17/2020,Students,Students - Residential,21,291
11/18/2020,Faculty/Staff,Non-Residential,5,137
11/18/2020,Students,Students - Non-Residential,18,533
11/18/2020,Students,Students - Residential,23,505
11/19/2020,Faculty/Staff,Non-Residential,8,127
11/19/2020,Students,Students - Non-Residential,24,691
11/19/2020,Students,Students - Residential,45,711
11/20/2020,Faculty/Staff,Non-Residential,3,139
11/20/2020,Students,Students - Non-Residential,8,243
11/20/2020,Students,Students - Residential,2,83
11/21/2020,Faculty/Staff,Non-Residential,0,15
11/21/2020,Students,Students - Non-Residential,6,98
11/21/2020,Students,Students - Residential,4,47
11/22/2020,Faculty/Staff,Non-Residential,4,64
11/22/2020,Students,Students - Non-Residential,9,128
11/22/2020,Students,Students - Residential,3,52
11/23/2020,Faculty/Staff,Non-Residential,7,127
11/23/2020,Students,Students - Non-Residential,13,221
11/23/2020,Students,Students - Residential,2,98
11/24/2020,Faculty/Staff,Non-Residential,7,123
11/24/2020,Students,Students - Non-Residential,6,189
11/24/2020,Students,Students - Residential,3,75
11/25/2020,Faculty/Staff,Non-Residential,9,71
11/25/2020,Students,Students - Non-Residential,5,79
11/25/2020,Students,Students - Residential,1,27
11/26/2020,Faculty/Staff,Non-Residential,2,65
11/26/2020,Students,Students - Non-Residential,1,69
11/26/2020,Students,Students - Residential,0,30
11/27/2020,Faculty/Staff,Non-Residential,3,62
11/27/2020,Students,Students - Non-Residential,6,50
11/27/2020,Students,Students - Residential,1,18
11/28/2020,Faculty/Staff,Non-Residential,1,53
11/28/2020,Students,Students - Non-Residential,3,75
11/28/2020,Students,Students - Residential,0,27
11/29/2020,Faculty/Staff,Non-Residential,2,3
11/29/2020,Students,Students - Non-Residential,3,19
11/29/2020,Students,Students - Residential,0,3
11/30/2020,Faculty/Staff,Non-Residential,10,107
11/30/2020,Students,Students - Non-Residential,7,128
11/30/2020,Students,Students - Residential,1,36
12/1/2020,Faculty/Staff,Non-Residential,4,129
12/1/2020,Students,Students - Non-Residential,3,140
12/1/2020,Students,Students - Residential,0,69
12/2/2020,Faculty/Staff,Non-Residential,5,115
12/2/2020,Students,Students - Non-Residential,2,109
12/2/2020,Students,Students - Residential,2,70
12/3/2020,Faculty/Staff,Non-Residential,3,83
12/3/2020,Students,Students - Non-Residential,3,127
12/3/2020,Students,Students - Residential,1,32
12/4/2020,Faculty/Staff,Non-Residential,2,99
12/4/2020,Students,Students - Non-Residential,2,99
12/4/2020,Students,Students - Residential,0,24
12/5/2020,Faculty/Staff,Non-Residential,0,12
12/5/2020,Students,Students - Non-Residential,1,44
12/5/2020,Students,Students - Residential,1,12
12/6/2020,Faculty/Staff,Non-Residential,1,49
12/6/2020,Students,Students - Non-Residential,0,73
12/6/2020,Students,Students - Residential,0,22
12/7/2020,Faculty/Staff,Non-Residential,2,158
12/7/2020,Students,Students - Non-Residential,0,113
12/7/2020,Students,Students - Residential,0,23
12/8/2020,Faculty/Staff,Non-Residential,1,111
12/8/2020,Students,Students - Non-Residential,1,168
12/8/2020,Students,Students - Residential,0,67
12/9/2020,Faculty/Staff,Non-Residential,5,113
12/9/2020,Students,Students - Non-Residential,1,127
12/9/2020,Students,Students - Residential,0,62
12/10/2020,Faculty/Staff,Non-Residential,1,82
12/10/2020,Students,Students - Non-Residential,3,148
12/10/2020,Students,Students - Residential,0,36
12/11/2020,Faculty/Staff,Non-Residential,2,100
12/11/2020,Students,Students - Non-Residential,1,119
12/11/2020,Students,Students - Residential,1,30
12/12/2020,Faculty/Staff,Non-Residential,0,7
12/12/2020,Students,Students - Non-Residential,2,19
12/12/2020,Students,Students - Residential,0,2
12/13/2020,Faculty/Staff,Non-Residential,2,76
12/13/2020,Students,Students - Non-Residential,3,94
12/13/2020,Students,Students - Residential,0,39
12/14/2020,Faculty/Staff,Non-Residential,1,112
12/14/2020,Students,Students - Non-Residential,1,72
12/14/2020,Students,Students - Residential,0,7
12/15/2020,Faculty/Staff,Non-Residential,5,105
12/15/2020,Students,Students - Non-Residential,0,195
12/15/2020,Students,Students - Residential,0,68
12/16/2020,Faculty/Staff,Non-Residential,3,95
12/16/2020,Students,Students - Non-Residential,2,103
12/16/2020,Students,Students - Residential,1,39
12/17/2020,Faculty/Staff,Non-Residential,4,101
12/17/2020,Students,Students - Non-Residential,1,133
12/17/2020,Students,Students - Residential,0,32
12/18/2020,Faculty/Staff,Non-Residential,7,75
12/18/2020,Students,Students - Non-Residential,1,92
12/18/2020,Students,Students - Residential,0,29
12/19/2020,Faculty/Staff,Non-Residential,1,2
12/19/2020,Students,Students - Non-Residential,1,26
12/19/2020,Students,Students - Residential,0,2
12/20/2020,Faculty/Staff,Non-Residential,1,16
12/20/2020,Students,Students - Non-Residential,0,34
12/20/2020,Students,Students - Residential,0,8
12/21/2020,Faculty/Staff,Non-Residential,8,117
12/21/2020,Students,Students - Non-Residential,4,108
12/21/2020,Students,Students - Residential,0,22
12/22/2020,Faculty/Staff,Non-Residential,6,72
12/22/2020,Students,Students - Non-Residential,2,104
12/22/2020,Students,Students - Residential,2,45
12/23/2020,Faculty/Staff,Non-Residential,3,116
12/23/2020,Students,Students - Non-Residential,2,107
12/23/2020,Students,Students - Residential,1,37
12/24/2020,Faculty/Staff,Non-Residential,2,59
12/24/2020,Students,Students - Non-Residential,1,38
12/24/2020,Students,Students - Residential,0,17
12/25/2020,Faculty/Staff,Non-Residential,3,3
12/25/2020,Students,Students - Non-Residential,1,3
12/26/2020,Faculty/Staff,Non-Residential,0,61
12/26/2020,Students,Students - Non-Residential,0,74
12/26/2020,Students,Students - Residential,0,31
12/27/2020,Faculty/Staff,Non-Residential,1,56
12/27/2020,Students,Students - Non-Residential,0,70
12/27/2020,Students,Students - Residential,0,26
12/28/2020,Faculty/Staff,Non-Residential,4,121
12/28/2020,Students,Students - Non-Residential,1,43
12/28/2020,Students,Students - Residential,0,17
12/29/2020,Faculty/Staff,Non-Residential,2,57
12/29/2020,Students,Students - Non-Residential,0,57
12/29/2020,Students,Students - Residential,1,29
12/30/2020,Faculty/Staff,Non-Residential,5,111
12/30/2020,Students,Students - Non-Residential,0,88
12/30/2020,Students,Students - Residential,0,37
12/31/2020,Faculty/Staff,Non-Residential,1,43
12/31/2020,Students,Students - Non-Residential,1,25
12/31/2020,Students,Students - Residential,0,5
1/1/2021,Faculty/Staff,Non-Residential,0,34
1/1/2021,Students,Students - Non-Residential,0,23
1/1/2021,Students,Students - Residential,0,15
1/2/2021,Faculty/Staff,Non-Residential,0,8
1/2/2021,Students,Students - Non-Residential,2,45
1/2/2021,Students,Students - Residential,0,8
1/3/2021,Faculty/Staff,Non-Residential,0,39
1/3/2021,Students,Students - Non-Residential,1,73
1/3/2021,Students,Students - Residential,0,34
1/4/2021,Faculty/Staff,Non-Residential,4,163
1/4/2021,Students,Students - Non-Residential,3,383
1/4/2021,Students,Students - Residential,0,16
1/5/2021,Faculty/Staff,Non-Residential,5,105
1/5/2021,Students,Students - Non-Residential,5,167
1/5/2021,Students,Students - Residential,1,46
1/6/2021,Faculty/Staff,Non-Residential,10,136
1/6/2021,Students,Students - Non-Residential,8,302
1/6/2021,Students,Students - Residential,0,26
1/7/2021,Faculty/Staff,Non-Residential,3,79
1/7/2021,Students,Students - Non-Residential,3,78
1/7/2021,Students,Students - Residential,0,22
1/8/2021,Faculty/Staff,Non-Residential,5,121
1/8/2021,Students,Students - Non-Residential,2,139
1/8/2021,Students,Students - Residential,0,29
1/9/2021,Faculty/Staff,Non-Residential,1,3
1/9/2021,Students,Students - Non-Residential,2,16
1/9/2021,Students,Students - Residential,1,7
1/10/2021,Faculty/Staff,Non-Residential,1,36
1/10/2021,Students,Students - Non-Residential,2,69
1/10/2021,Students,Students - Residential,1,24
1/11/2021,Faculty/Staff,Non-Residential,5,164
1/11/2021,Students,Students - Non-Residential,5,411
1/11/2021,Students,Students - Residential,1,23
1/12/2021,Faculty/Staff,Non-Residential,5,68
1/12/2021,Students,Students - Non-Residential,3,125
1/12/2021,Students,Students - Residential,0,59
1/13/2021,Faculty/Staff,Non-Residential,2,129
1/13/2021,Students,Students - Non-Residential,5,358
1/13/2021,Students,Students - Residential,0,49
1/14/2021,Faculty/Staff,Non-Residential,10,86
1/14/2021,Students,Students - Non-Residential,1,126
1/14/2021,Students,Students - Residential,1,40
1/15/2021,Faculty/Staff,Non-Residential,3,61
1/15/2021,Students,Students - Non-Residential,1,107
1/15/2021,Students,Students - Residential,0,36
1/16/2021,Faculty/Staff,Non-Residential,0,4
1/16/2021,Students,Students - Non-Residential,1,39
1/16/2021,Students,Students - Residential,3,104
1/17/2021,Faculty/Staff,Non-Residential,1,35
1/17/2021,Students,Students - Non-Residential,2,43
1/17/2021,Students,Students - Residential,0,25
1/18/2021,Faculty/Staff,Non-Residential,4,70
1/18/2021,Students,Students - Non-Residential,5,154
1/18/2021,Students,Students - Residential,1,93
1/19/2021,Faculty/Staff,Non-Residential,8,115
1/19/2021,Students,Students - Non-Residential,10,325
1/19/2021,Students,Students - Residential,3,459
1/20/2021,Faculty/Staff,Non-Residential,4,168
1/20/2021,Students,Students - Non-Residential,7,830
1/20/2021,Students,Students - Residential,4,459
1/21/2021,Faculty/Staff,Non-Residential,2,71
1/21/2021,Students,Students - Non-Residential,2,653
1/21/2021,Students,Students - Residential,6,606
1/22/2021,Faculty/Staff,Non-Residential,4,110
1/22/2021,Students,Students - Non-Residential,10,922
1/22/2021,Students,Students - Residential,3,696
1/23/2021,Faculty/Staff,Non-Residential,1,19
1/23/2021,Students,Students - Non-Residential,9,378
1/23/2021,Students,Students - Residential,0,334
1/24/2021,Faculty/Staff,Non-Residential,0,112
1/24/2021,Students,Students - Non-Residential,12,1038
1/24/2021,Students,Students - Residential,7,694
1/25/2021,Faculty/Staff,Non-Residential,4,115
1/25/2021,Students,Students - Non-Residential,8,865
1/25/2021,Students,Students - Residential,7,939
1/26/2021,Faculty/Staff,Non-Residential,1,188
1/26/2021,Students,Students - Non-Residential,6,636
1/26/2021,Students,Students - Residential,4,738
1/27/2021,Faculty/Staff,Non-Residential,3,110
1/27/2021,Students,Students - Non-Residential,21,794
1/27/2021,Students,Students - Residential,4,601
1/28/2021,Faculty/Staff,Non-Residential,6,82
1/28/2021,Students,Students - Non-Residential,13,519
1/28/2021,Students,Students - Residential,8,533
1/29/2021,Faculty/Staff,Non-Residential,0,74
1/29/2021,Students,Students - Non-Residential,9,499
1/29/2021,Students,Students - Residential,4,210
1/30/2021,Faculty/Staff,Non-Residential,1,38
1/30/2021,Students,Students - Non-Residential,3,116
1/30/2021,Students,Students - Residential,5,51
1/31/2021,Faculty/Staff,Non-Residential,0,30
1/31/2021,Students,Students - Non-Residential,6,51
1/31/2021,Students,Students - Residential,6,22
2/1/2021,Faculty/Staff,Non-Residential,5,122
2/1/2021,Students,Students - Non-Residential,52,1182
2/1/2021,Students,Students - Residential,84,958
2/2/2021,Faculty/Staff,Non-Residential,2,108
2/2/2021,Students,Students - Non-Residential,45,1012
2/2/2021,Students,Students - Residential,55,884
2/3/2021,Faculty/Staff,Non-Residential,1,118
2/3/2021,Students,Students - Non-Residential,32,1027
2/3/2021,Students,Students - Residential,31,675
2/4/2021,Faculty/Staff,Non-Residential,4,106
2/4/2021,Students,Students - Non-Residential,17,802
2/4/2021,Students,Students - Residential,24,641
2/5/2021,Faculty/Staff,Non-Residential,1,105
2/5/2021,Students,Students - Non-Residential,12,549
2/5/2021,Students,Students - Residential,9,277
2/6/2021,Faculty/Staff,Non-Residential,1,4
2/6/2021,Students,Students - Non-Residential,4,54
2/6/2021,Students,Students - Residential,7,46
2/7/2021,Faculty/Staff,Non-Residential,0,29
2/7/2021,Students,Students - Non-Residential,2,80
2/7/2021,Students,Students - Residential,7,72
2/8/2021,Faculty/Staff,Non-Residential,3,133
2/8/2021,Students,Students - Non-Residential,13,1083
2/8/2021,Students,Students - Residential,20,911
2/9/2021,Faculty/Staff,Non-Residential,3,118
2/9/2021,Students,Students - Non-Residential,7,1124
2/9/2021,Students,Students - Residential,30,846
2/10/2021,Faculty/Staff,Non-Residential,2,146
2/10/2021,Students,Students - Non-Residential,5,1212
2/10/2021,Students,Students - Residential,16,614
2/11/2021,Faculty/Staff,Non-Residential,3,103
2/11/2021,Students,Students - Non-Residential,9,807
2/11/2021,Students,Students - Residential,9,565
2/12/2021,Faculty/Staff,Non-Residential,0,101
2/12/2021,Students,Students - Non-Residential,5,511
2/12/2021,Students,Students - Residential,6,251
2/13/2021,Faculty/Staff,Non-Residential,0,0
2/13/2021,Students,Students - Non-Residential,1,39
2/13/2021,Students,Students - Residential,2,21
2/14/2021,Faculty/Staff,Non-Residential,0,18
2/14/2021,Students,Students - Non-Residential,0,83
2/14/2021,Students,Students - Residential,1,47
2/15/2021,Faculty/Staff,Non-Residential,2,127
2/15/2021,Students,Students - Non-Residential,2,1187
2/15/2021,Students,Students - Residential,4,497
2/16/2021,Faculty/Staff,Non-Residential,0,98
2/16/2021,Students,Students - Non-Residential,4,893
2/16/2021,Students,Students - Residential,1,523
2/17/2021,Faculty/Staff,Non-Residential,2,160
2/17/2021,Students,Students - Non-Residential,2,1135
2/17/2021,Students,Students - Residential,2,408
2/18/2021,Faculty/Staff,Non-Residential,0,79
2/18/2021,Students,Students - Non-Residential,1,686
2/18/2021,Students,Students - Residential,3,444
2/19/2021,Faculty/Staff,Non-Residential,0,101
2/19/2021,Students,Students - Non-Residential,1,507
2/19/2021,Students,Students - Residential,2,220
2/20/2021,Students,Students - Non-Residential,0,19
2/20/2021,Students,Students - Residential,1,8
2/21/2021,Faculty/Staff,Non-Residential,0,35
2/21/2021,Students,Students - Non-Residential,0,61
2/21/2021,Students,Students - Residential,0,32
2/22/2021,Faculty/Staff,Non-Residential,2,156
2/22/2021,Students,Students - Non-Residential,2,1141
2/22/2021,Students,Students - Residential,0,549
2/23/2021,Faculty/Staff,Non-Residential,2,101
2/23/2021,Students,Students - Non-Residential,1,1045
2/23/2021,Students,Students - Residential,1,510
2/24/2021,Faculty/Staff,Non-Residential,0,164
2/24/2021,Students,Students - Non-Residential,6,1128
2/24/2021,Students,Students - Residential,2,353
2/25/2021,Faculty/Staff,Non-Residential,0,61
2/25/2021,Students,Students - Non-Residential,0,690
2/25/2021,Students,Students - Residential,1,397
2/26/2021,Faculty/Staff,Non-Residential,4,102
2/26/2021,Students,Students - Non-Residential,1,486
2/26/2021,Students,Students - Residential,1,243
2/27/2021,Faculty/Staff,Non-Residential,0,2
2/27/2021,Students,Students - Non-Residential,0,13
2/27/2021,Students,Students - Residential,0,7
2/28/2021,Faculty/Staff,Non-Residential,1,14
2/28/2021,Students,Students - Non-Residential,1,50
2/28/2021,Students,Students - Residential,0,24
3/1/2021,Faculty/Staff,Non-Residential,6,158
3/1/2021,Students,Students - Non-Residential,6,1184
3/1/2021,Students,Students - Residential,2,586
3/2/2021,Faculty/Staff,Non-Residential,2,97
3/2/2021,Students,Students - Non-Residential,5,1111
3/2/2021,Students,Students - Residential,2,556
3/3/2021,Faculty/Staff,Non-Residential,1,113
3/3/2021,Students,Students - Non-Residential,0,329
3/3/2021,Students,Students - Residential,0,39
3/4/2021,Faculty/Staff,Non-Residential,0,99
3/4/2021,Students,Students - Non-Residential,7,896
3/4/2021,Students,Students - Residential,1,533
3/5/2021,Faculty/Staff,Non-Residential,4,100
3/5/2021,Students,Students - Non-Residential,6,619
3/5/2021,Students,Students - Residential,0,283
3/6/2021,Faculty/Staff,Non-Residential,0,13
3/6/2021,Students,Students - Non-Residential,1,32
3/6/2021,Students,Students - Residential,0,13
3/7/2021,Faculty/Staff,Non-Residential,0,17
3/7/2021,Students,Students - Non-Residential,1,73
3/7/2021,Students,Students - Residential,0,15
3/8/2021,Faculty/Staff,Non-Residential,3,150
3/8/2021,Students,Students - Non-Residential,8,1208
3/8/2021,Students,Students - Residential,1,612
3/9/2021,Faculty/Staff,Non-Residential,2,94
3/9/2021,Students,Students - Non-Residential,6,973
3/9/2021,Students,Students - Residential,5,508
3/10/2021,Faculty/Staff,Non-Residential,1,140
3/10/2021,Students,Students - Non-Residential,8,1036
3/10/2021,Students,Students - Residential,5,407
3/11/2021,Faculty/Staff,Non-Residential,0,75
3/11/2021,Students,Students - Non-Residential,6,670
3/11/2021,Students,Students - Residential,0,398
3/12/2021,Faculty/Staff,Non-Residential,0,103
3/12/2021,Students,Students - Non-Residential,4,545
3/12/2021,Students,Students - Residential,0,220
3/13/2021,Faculty/Staff,Non-Residential,0,13
3/13/2021,Students,Students - Non-Residential,1,39
3/13/2021,Students,Students - Residential,0,13
3/14/2021,Faculty/Staff,Non-Residential,0,21
3/14/2021,Students,Students - Non-Residential,0,43
3/14/2021,Students,Students - Residential,0,21
3/15/2021,Faculty/Staff,Non-Residential,2,128
3/15/2021,Students,Students - Non-Residential,6,1185
3/15/2021,Students,Students - Residential,3,582
3/16/2021,Faculty/Staff,Non-Residential,1,115
3/16/2021,Students,Students - Non-Residential,5,1023
3/16/2021,Students,Students - Residential,7,482
3/17/2021,Faculty/Staff,Non-Residential,0,134
3/17/2021,Students,Students - Non-Residential,2,935
3/17/2021,Students,Students - Residential,2,385
3/18/2021,Faculty/Staff,Non-Residential,3,75
3/18/2021,Students,Students - Non-Residential,4,605
3/18/2021,Students,Students - Residential,3,398
3/19/2021,Faculty/Staff,Non-Residential,1,58
3/19/2021,Students,Students - Non-Residential,4,443
3/19/2021,Students,Students - Residential,0,202
3/20/2021,Faculty/Staff,Non-Residential,0,36
3/20/2021,Students,Students - Non-Residential,5,83
3/20/2021,Students,Students - Residential,1,49
3/21/2021,Faculty/Staff,Non-Residential,0,17
3/21/2021,Students,Students - Non-Residential,2,70
3/21/2021,Students,Students - Residential,0,22
3/22/2021,Faculty/Staff,Non-Residential,1,113
3/22/2021,Students,Students - Non-Residential,10,1127
3/22/2021,Students,Students - Residential,5,587
3/23/2021,Faculty/Staff,Non-Residential,3,95
3/23/2021,Students,Students - Non-Residential,12,1038
3/23/2021,Students,Students - Residential,13,587
3/24/2021,Faculty/Staff,Non-Residential,2,147
3/24/2021,Students,Students - Non-Residential,10,965
3/24/2021,Students,Students - Residential,12,362
3/25/2021,Faculty/Staff,Non-Residential,2,61
3/25/2021,Students,Students - Non-Residential,10,625
3/25/2021,Students,Students - Residential,9,361
3/26/2021,Faculty/Staff,Non-Residential,3,74
3/26/2021,Students,Students - Non-Residential,3,518
3/26/2021,Students,Students - Residential,5,239
3/27/2021,Faculty/Staff,Non-Residential,0,39
3/27/2021,Students,Students - Non-Residential,4,95
3/27/2021,Students,Students - Residential,4,64
3/28/2021,Faculty/Staff,Non-Residential,0,21
3/28/2021,Students,Students - Non-Residential,2,75
3/28/2021,Students,Students - Residential,0,20
3/29/2021,Faculty/Staff,Non-Residential,6,91
3/29/2021,Students,Students - Non-Residential,11,1078
3/29/2021,Students,Students - Residential,17,550
3/30/2021,Faculty/Staff,Non-Residential,1,121
3/30/2021,Students,Students - Non-Residential,10,1009
3/30/2021,Students,Students - Residential,19,561
3/31/2021,Faculty/Staff,Non-Residential,2,150
3/31/2021,Students,Students - Non-Residential,13,908
3/31/2021,Students,Students - Residential,11,346
4/1/2021,Faculty/Staff,Non-Residential,5,69
4/1/2021,Students,Students - Non-Residential,9,637
4/1/2021,Students,Students - Residential,7,339
4/2/2021,Faculty/Staff,Non-Residential,4,85
4/2/2021,Students,Students - Non-Residential,4,571
4/2/2021,Students,Students - Residential,7,214
4/3/2021,Students,Students - Non-Residential,0,25
4/3/2021,Students,Students - Residential,2,13
4/4/2021,Faculty/Staff,Non-Residential,0,15
4/4/2021,Students,Students - Non-Residential,4,42
4/4/2021,Students,Students - Residential,4,21
4/5/2021,Faculty/Staff,Non-Residential,2,167
4/5/2021,Students,Students - Non-Residential,9,1101
4/5/2021,Students,Students - Residential,10,520
4/6/2021,Faculty/Staff,Non-Residential,1,107
4/6/2021,Students,Students - Non-Residential,17,916
4/6/2021,Students,Students - Residential,5,527
4/7/2021,Faculty/Staff,Non-Residential,4,140
4/7/2021,Students,Students - Non-Residential,9,856
4/7/2021,Students,Students - Residential,10,314
4/8/2021,Faculty/Staff,Non-Residential,3,53
4/8/2021,Students,Students - Non-Residential,7,600
4/8/2021,Students,Students - Residential,6,370
4/9/2021,Faculty/Staff,Non-Residential,0,56
4/9/2021,Students,Students - Non-Residential,5,434
4/9/2021,Students,Students - Residential,3,201
4/10/2021,Faculty/Staff,Non-Residential,1,35
4/10/2021,Students,Students - Non-Residential,2,93
4/10/2021,Students,Students - Residential,1,53
4/11/2021,Faculty/Staff,Non-Residential,0,13
4/11/2021,Students,Students - Non-Residential,1,42
4/11/2021,Students,Students - Residential,0,17
4/12/2021,Faculty/Staff,Non-Residential,1,123
4/12/2021,Students,Students - Non-Residential,3,1196
4/12/2021,Students,Students - Residential,6,508
4/13/2021,Faculty/Staff,Non-Residential,2,103
4/13/2021,Students,Students - Non-Residential,5,871
4/13/2021,Students,Students - Residential,3,481
4/14/2021,Faculty/Staff,Non-Residential,1,134
4/14/2021,Students,Students - Non-Residential,1,290
4/14/2021,Students,Students - Residential,1,35
4/15/2021,Faculty/Staff,Non-Residential,3,97
4/15/2021,Students,Students - Non-Residential,5,771
4/15/2021,Students,Students - Residential,3,505
4/16/2021,Faculty/Staff,Non-Residential,0,63
4/16/2021,Students,Students - Non-Residential,5,449
4/16/2021,Students,Students - Residential,3,191
4/17/2021,Faculty/Staff,Non-Residential,0,2
4/17/2021,Students,Students - Non-Residential,0,8
4/17/2021,Students,Students - Residential,1,10
4/18/2021,Faculty/Staff,Non-Residential,0,11
4/18/2021,Students,Students - Non-Residential,2,39
4/18/2021,Students,Students - Residential,1,7
4/19/2021,Faculty/Staff,Non-Residential,3,102
4/19/2021,Students,Students - Non-Residential,5,981
4/19/2021,Students,Students - Residential,8,487
4/20/2021,Faculty/Staff,Non-Residential,3,93
4/20/2021,Students,Students - Non-Residential,10,805
4/20/2021,Students,Students - Residential,7,392
4/21/2021,Faculty/Staff,Non-Residential,1,159
4/21/2021,Students,Students - Non-Residential,6,768
4/21/2021,Students,Students - Residential,4,332
4/22/2021,Faculty/Staff,Non-Residential,2,63
4/22/2021,Students,Students - Non-Residential,5,516
4/22/2021,Students,Students - Residential,5,298
4/23/2021,Faculty/Staff,Non-Residential,0,40
4/23/2021,Students,Students - Non-Residential,3,362
4/23/2021,Students,Students - Residential,4,150
4/24/2021,Faculty/Staff,Non-Residential,0,4
4/24/2021,Students,Students - Non-Residential,0,12
4/24/2021,Students,Students - Residential,0,7
4/25/2021,Faculty/Staff,Non-Residential,0,16
4/25/2021,Students,Students - Non-Residential,0,63
4/25/2021,Students,Students - Residential,0,34
4/26/2021,Faculty/Staff,Non-Residential,6,124
4/26/2021,Students,Students - Non-Residential,5,1041
4/26/2021,Students,Students - Residential,5,485
4/27/2021,Faculty/Staff,Non-Residential,2,91
4/27/2021,Students,Students - Non-Residential,3,688
4/27/2021,Students,Students - Residential,2,387
4/28/2021,Faculty/Staff,Non-Residential,1,152
4/28/2021,Students,Students - Non-Residential,5,603
4/28/2021,Students,Students - Residential,2,298
4/29/2021,Faculty/Staff,Non-Residential,6,45
4/29/2021,Students,Students - Non-Residential,4,378
4/29/2021,Students,Students - Residential,1,263
4/30/2021,Faculty/Staff,Non-Residential,4,47
4/30/2021,Students,Students - Non-Residential,1,316
4/30/2021,Students,Students - Residential,2,137
5/1/2021,Faculty/Staff,Non-Residential,1,9
5/1/2021,Students,Students - Non-Residential,2,39
5/1/2021,Students,Students - Residential,0,19
5/2/2021,Faculty/Staff,Non-Residential,0,10
5/2/2021,Students,Students - Non-Residential,1,45
5/2/2021,Students,Students - Residential,0,12
5/3/2021,Faculty/Staff,Non-Residential,2,102
5/3/2021,Students,Students - Non-Residential,1,418
5/3/2021,Students,Students - Residential,0,107
5/4/2021,Faculty/Staff,Non-Residential,1,49
5/4/2021,Students,Students - Non-Residential,0,177
5/4/2021,Students,Students - Residential,0,82
5/5/2021,Faculty/Staff,Non-Residential,2,134
5/5/2021,Students,Students - Non-Residential,1,288
5/5/2021,Students,Students - Residential,0,85
5/6/2021,Faculty/Staff,Non-Residential,4,26
5/6/2021,Students,Students - Non-Residential,1,134
5/6/2021,Students,Students - Residential,0,58
5/7/2021,Faculty/Staff,Non-Residential,0,45
5/7/2021,Students,Students - Non-Residential,1,180
5/7/2021,Students,Students - Residential,0,34
5/8/2021,Faculty/Staff,Non-Residential,0,1
5/8/2021,Students,Students - Non-Residential,0,5
5/8/2021,Students,Students - Residential,0,2
5/9/2021,Faculty/Staff,Non-Residential,0,0
5/9/2021,Students,Students - Non-Residential,0,13
5/9/2021,Students,Students - Residential,0,9
5/10/2021,Faculty/Staff,Non-Residential,1,129
5/10/2021,Students,Students - Non-Residential,0,294
5/10/2021,Students,Students - Residential,0,58
5/11/2021,Faculty/Staff,Non-Residential,2,127
5/11/2021,Students,Students - Non-Residential,0,214
5/11/2021,Students,Students - Residential,0,60
5/12/2021,Faculty/Staff,Non-Residential,1,151
5/12/2021,Students,Students - Non-Residential,0,351
5/12/2021,Students,Students - Residential,1,51
5/13/2021,Faculty/Staff,Non-Residential,0,34
5/13/2021,Students,Students - Non-Residential,1,89
5/13/2021,Students,Students - Residential,0,42
5/14/2021,Faculty/Staff,Non-Residential,0,46
5/14/2021,Students,Students - Non-Residential,0,115
5/14/2021,Students,Students - Residential,0,15
5/15/2021,Faculty/Staff,Non-Residential,0,2
5/15/2021,Students,Students - Non-Residential,0,13
5/15/2021,Students,Students - Residential,0,1
5/16/2021,Faculty/Staff,Non-Residential,0,32
5/16/2021,Students,Students - Non-Residential,0,85
5/16/2021,Students,Students - Residential,0,37
5/17/2021,Faculty/Staff,Non-Residential,4,120
5/17/2021,Students,Students - Non-Residential,2,158
5/17/2021,Students,Students - Residential,0,43
5/18/2021,Faculty/Staff,Non-Residential,2,66
5/18/2021,Students,Students - Non-Residential,0,137
5/18/2021,Students,Students - Residential,0,11
5/19/2021,Faculty/Staff,Non-Residential,2,89
5/19/2021,Students,Students - Non-Residential,1,169
5/19/2021,Students,Students - Residential,0,2
5/20/2021,Faculty/Staff,Non-Residential,1,30
5/20/2021,Students,Students - Non-Residential,0,131
5/20/2021,Students,Students - Residential,0,4
5/21/2021,Faculty/Staff,Non-Residential,0,45
5/21/2021,Students,Students - Non-Residential,1,54
5/21/2021,Students,Students - Residential,0,43
5/22/2021,Faculty/Staff,Non-Residential,0,1
5/22/2021,Students,Students - Non-Residential,0,3
5/23/2021,Faculty/Staff,Non-Residential,0,14
5/23/2021,Students,Students - Non-Residential,0,18
5/23/2021,Students,Students - Residential,0,13
5/24/2021,Faculty/Staff,Non-Residential,2,92
5/24/2021,Students,Students - Non-Residential,1,92
5/24/2021,Students,Students - Residential,0,46
5/25/2021,Faculty/Staff,Non-Residential,0,62
5/25/2021,Students,Students - Non-Residential,0,121
5/25/2021,Students,Students - Residential,1,19
5/26/2021,Faculty/Staff,Non-Residential,2,97
5/26/2021,Students,Students - Non-Residential,1,59
5/26/2021,Students,Students - Residential,0,4
5/27/2021,Faculty/Staff,Non-Residential,0,20
5/27/2021,Students,Students - Non-Residential,0,67
5/27/2021,Students,Students - Residential,0,5
5/28/2021,Faculty/Staff,Non-Residential,0,31
5/28/2021,Students,Students - Non-Residential,0,10
5/28/2021,Students,Students - Residential,0,1
5/29/2021,Faculty/Staff,Non-Residential,0,1
5/29/2021,Students,Students - Non-Residential,0,2
5/30/2021,Faculty/Staff,Non-Residential,0,4
5/30/2021,Students,Students - Non-Residential,0,17
5/30/2021,Students,Students - Residential,0,9
5/31/2021,Faculty/Staff,Non-Residential,0,1
5/31/2021,Students,Students - Non-Residential,0,0
6/1/2021,Faculty/Staff,Non-Residential,0,57
6/1/2021,Students,Students - Non-Residential,0,156
6/1/2021,Students,Students - Residential,0,51
6/2/2021,Faculty/Staff,Non-Residential,0,29
6/2/2021,Students,Students - Non-Residential,0,56
6/2/2021,Students,Students - Residential,0,14
6/3/2021,Faculty/Staff,Non-Residential,1,22
6/3/2021,Students,Students - Non-Residential,0,119
6/3/2021,Students,Students - Residential,0,49
6/4/2021,Faculty/Staff,Non-Residential,0,32
6/4/2021,Students,Students - Non-Residential,0,28
6/4/2021,Students,Students - Residential,0,10
6/5/2021,Faculty/Staff,Non-Residential,0,4
6/5/2021,Students,Students - Non-Residential,0,6
6/5/2021,Students,Students - Residential,0,4
6/6/2021,Students,Students - Non-Residential,0,1
6/7/2021,Faculty/Staff,Non-Residential,1,33
6/7/2021,Students,Students - Non-Residential,1,38
6/7/2021,Students,Students - Residential,0,9
6/8/2021,Faculty/Staff,Non-Residential,0,35
6/8/2021,Students,Students - Non-Residential,0,133
6/8/2021,Students,Students - Residential,0,48
6/9/2021,Faculty/Staff,Non-Residential,0,32
6/9/2021,Students,Students - Non-Residential,0,58
6/9/2021,Students,Students - Residential,0,8
6/10/2021,Faculty/Staff,Non-Residential,0,12
6/10/2021,Students,Students - Non-Residential,0,90
6/10/2021,Students,Students - Residential,0,41
6/11/2021,Faculty/Staff,Non-Residential,1,27
6/11/2021,Students,Students - Non-Residential,0,18
6/11/2021,Students,Students - Residential,0,4
6/12/2021,Students,Students - Non-Residential,0,1
6/13/2021,Faculty/Staff,Non-Residential,1,0
6/14/2021,Faculty/Staff,Non-Residential,0,31
6/14/2021,Students,Students - Non-Residential,0,46
6/14/2021,Students,Students - Residential,0,15
6/15/2021,Faculty/Staff,Non-Residential,0,25
6/15/2021,Students,Students - Non-Residential,0,107
6/15/2021,Students,Students - Residential,0,53
6/16/2021,Faculty/Staff,Non-Residential,3,20
6/16/2021,Students,Students - Non-Residential,2,59
6/16/2021,Students,Students - Residential,0,11
6/17/2021,Faculty/Staff,Non-Residential,0,10
6/17/2021,Students,Students - Non-Residential,0,88
6/17/2021,Students,Students - Residential,0,51
6/18/2021,Faculty/Staff,Non-Residential,1,20
6/18/2021,Students,Students - Non-Residential,1,13
6/18/2021,Students,Students - Residential,0,2
6/19/2021,Faculty/Staff,Non-Residential,0,1
6/19/2021,Students,Students - Non-Residential,0,3
6/20/2021,Faculty/Staff,Non-Residential,0,1
6/20/2021,Students,Students - Non-Residential,0,1
6/20/2021,Students,Students - Residential,0,2
6/21/2021,Faculty/Staff,Non-Residential,1,22
6/21/2021,Students,Students - Non-Residential,0,43
6/21/2021,Students,Students - Residential,0,15
6/22/2021,Faculty/Staff,Non-Residential,3,17
6/22/2021,Students,Students - Non-Residential,0,118
6/22/2021,Students,Students - Residential,0,47
6/23/2021,Faculty/Staff,Non-Residential,2,20
6/23/2021,Students,Students - Non-Residential,1,77
6/23/2021,Students,Students - Residential,0,19
6/24/2021,Faculty/Staff,Non-Residential,1,18
6/24/2021,Students,Students - Non-Residential,0,98
6/24/2021,Students,Students - Residential,0,52
6/25/2021,Faculty/Staff,Non-Residential,4,24
6/25/2021,Students,Students - Non-Residential,1,8
6/25/2021,Students,Students - Residential,0,0
6/26/2021,Faculty/Staff,Non-Residential,0,1
6/26/2021,Students,Students - Non-Residential,0,1
6/27/2021,Students,Students - Non-Residential,0,7
6/27/2021,Students,Students - Residential,0,4
6/28/2021,Faculty/Staff,Non-Residential,0,17
6/28/2021,Students,Students - Non-Residential,0,36
6/28/2021,Students,Students - Residential,0,11
6/29/2021,Faculty/Staff,Non-Residential,2,29
6/29/2021,Students,Students - Non-Residential,0,118
6/29/2021,Students,Students - Residential,0,42
6/30/2021,Faculty/Staff,Non-Residential,3,17
6/30/2021,Students,Students - Non-Residential,1,91
6/30/2021,Students,Students - Residential,0,21
7/1/2021,Faculty/Staff,Non-Residential,1,23
7/1/2021,Students,Students - Non-Residential,0,79
7/1/2021,Students,Students - Residential,0,48
7/2/2021,Faculty/Staff,Non-Residential,0,19
7/2/2021,Students,Students - Non-Residential,1,5
7/4/2021,Faculty/Staff,Non-Residential,0,2
7/5/2021,Faculty/Staff,Non-Residential,0,4
7/5/2021,Students,Students - Non-Residential,0,2
7/6/2021,Faculty/Staff,Non-Residential,4,33
7/6/2021,Students,Students - Non-Residential,1,20
7/6/2021,Students,Students - Residential,1,18
7/7/2021,Faculty/Staff,Non-Residential,2,36
7/7/2021,Students,Students - Non-Residential,1,96
7/7/2021,Students,Students - Residential,0,20
7/8/2021,Faculty/Staff,Non-Residential,1,35
7/8/2021,Students,Students - Non-Residential,1,66
7/8/2021,Students,Students - Residential,0,33
7/9/2021,Faculty/Staff,Non-Residential,1,23
7/9/2021,Students,Students - Non-Residential,0,35
7/9/2021,Students,Students - Residential,0,14
7/10/2021,Faculty/Staff,Non-Residential,0,0
7/10/2021,Students,Students - Non-Residential,0,1
7/11/2021,Faculty/Staff,Non-Residential,0,1
7/11/2021,Students,Students - Non-Residential,0,1
7/12/2021,Faculty/Staff,Non-Residential,3,34
7/12/2021,Students,Students - Non-Residential,0,38
7/12/2021,Students,Students - Residential,0,16
7/13/2021,Faculty/Staff,Non-Residential,3,33
7/13/2021,Students,Students - Non-Residential,1,89
7/13/2021,Students,Students - Residential,0,38
7/14/2021,Faculty/Staff,Non-Residential,5,26
7/14/2021,Students,Students - Non-Residential,0,88
7/14/2021,Students,Students - Residential,0,23
7/15/2021,Faculty/Staff,Non-Residential,1,34
7/15/2021,Students,Students - Non-Residential,0,75
7/15/2021,Students,Students - Residential,0,37
7/16/2021,Faculty/Staff,Non-Residential,5,32
7/16/2021,Students,Students - Non-Residential,0,27
7/16/2021,Students,Students - Residential,0,6
7/17/2021,Faculty/Staff,Non-Residential,0,5
7/17/2021,Students,Students - Non-Residential,0,3
7/18/2021,Faculty/Staff,Non-Residential,0,2
7/19/2021,Faculty/Staff,Non-Residential,5,53
7/19/2021,Students,Students - Non-Residential,1,50
7/19/2021,Students,Students - Residential,0,19
7/20/2021,Faculty/Staff,Non-Residential,9,50
7/20/2021,Students,Students - Non-Residential,2,94
7/20/2021,Students,Students - Residential,0,34
7/21/2021,Faculty/Staff,Non-Residential,7,43
7/21/2021,Students,Students - Non-Residential,0,87
7/21/2021,Students,Students - Residential,0,28
7/22/2021,Faculty/Staff,Non-Residential,11,46
7/22/2021,Students,Students - Non-Residential,2,73
7/22/2021,Students,Students - Residential,0,55
7/23/2021,Faculty/Staff,Non-Residential,5,47
7/23/2021,Students,Students - Non-Residential,0,26
7/23/2021,Students,Students - Residential,0,50
7/24/2021,Faculty/Staff,Non-Residential,0,4
7/24/2021,Students,Students - Non-Residential,0,5
7/24/2021,Students,Students - Residential,0,1
7/25/2021,Faculty/Staff,Non-Residential,1,2
7/25/2021,Students,Students - Non-Residential,0,1
7/26/2021,Faculty/Staff,Non-Residential,17,46
7/26/2021,Students,Students - Non-Residential,0,48
7/26/2021,Students,Students - Residential,1,20
7/27/2021,Faculty/Staff,Non-Residential,9,69
7/27/2021,Students,Students - Non-Residential,4,80
7/27/2021,Students,Students - Residential,1,30
7/28/2021,Faculty/Staff,Non-Residential,11,66
7/28/2021,Students,Students - Non-Residential,3,82
7/28/2021,Students,Students - Residential,1,19
7/29/2021,Faculty/Staff,Non-Residential,4,50
7/29/2021,Students,Students - Non-Residential,3,62
7/29/2021,Students,Students - Residential,0,24
7/30/2021,Faculty/Staff,Non-Residential,5,48
7/30/2021,Students,Students - Non-Residential,0,16
7/30/2021,Students,Students - Residential,1,2
7/31/2021,Faculty/Staff,Non-Residential,2,6
7/31/2021,Students,Students - Non-Residential,0,3
8/1/2021,Faculty/Staff,Non-Residential,0,4
8/1/2021,Students,Students - Non-Residential,0,1
8/2/2021,Faculty/Staff,Non-Residential,7,75
8/2/2021,Students,Students - Non-Residential,5,45
8/2/2021,Students,Students - Residential,1,12
8/3/2021,Faculty/Staff,Non-Residential,16,97
8/3/2021,Students,Students - Non-Residential,2,69
8/3/2021,Students,Students - Residential,0,19
8/4/2021,Faculty/Staff,Non-Residential,6,66
8/4/2021,Students,Students - Non-Residential,3,73
8/4/2021,Students,Students - Residential,1,13
8/5/2021,Faculty/Staff,Non-Residential,6,73
8/5/2021,Students,Students - Non-Residential,1,74
8/5/2021,Students,Students - Residential,1,23
8/6/2021,Faculty/Staff,Non-Residential,10,74
8/6/2021,Students,Students - Non-Residential,1,21
8/6/2021,Students,Students - Residential,0,2
8/7/2021,Faculty/Staff,Non-Residential,1,6
8/7/2021,Students,Students - Non-Residential,0,13
8/7/2021,Students,Students - Residential,0,86
8/8/2021,Faculty/Staff,Non-Residential,3,9
8/8/2021,Students,Students - Non-Residential,0,20
8/8/2021,Students,Students - Residential,1,73
8/9/2021,Faculty/Staff,Non-Residential,9,104
8/9/2021,Students,Students - Non-Residential,1,71
8/9/2021,Students,Students - Residential,0,94
8/10/2021,Faculty/Staff,Non-Residential,16,82
8/10/2021,Students,Students - Non-Residential,3,49
8/10/2021,Students,Students - Residential,0,33
8/11/2021,Faculty/Staff,Non-Residential,6,85
8/11/2021,Students,Students - Non-Residential,4,78
8/11/2021,Students,Students - Residential,0,26
8/12/2021,Faculty/Staff,Non-Residential,10,65
8/12/2021,Students,Students - Non-Residential,2,51
8/12/2021,Students,Students - Residential,0,31
8/13/2021,Faculty/Staff,Non-Residential,3,72
8/13/2021,Students,Students - Non-Residential,2,41
8/13/2021,Students,Students - Residential,0,77
8/14/2021,Faculty/Staff,Non-Residential,1,11
8/14/2021,Students,Students - Non-Residential,1,2
8/15/2021,Faculty/Staff,Non-Residential,2,11
8/15/2021,Students,Students - Non-Residential,1,14
8/15/2021,Students,Students - Residential,1,215
